{"url": "https://www.city.ozu.ehime.jp/reiki/reiki_honbun/r058RG00001028.html", "municipality": "Ozu City", "prefecture": "Ehime", "doc_type": "Ordinance_HTML", "output_txt": "out/Ozu_City_Ordinance_HTML.txt", "status": "skipped", "method": "already_exists"}
{"url": "https://www.city.ozu.ehime.jp/reiki/reiki_honbun/r058RG00001032.html", "municipality": "Ozu City", "prefecture": "Ehime", "doc_type": "Regulation_HTML", "output_txt": "out/Ozu_City_Regulation_HTML.txt", "status": "skipped", "method": "already_exists"}
{"url": "https://www1.g-reiki.net/yorii/reiki_honbun/e380RG00000662.html", "municipality": "Yorii Town", "prefecture": "Saitama", "doc_type": "Ordinance_HTML", "output_txt": "out/Yorii_Town_Ordinance_HTML.txt", "status": "skipped", "method": "already_exists"}
{"url": "https://www1.g-reiki.net/yorii/reiki_honbun/e380RG00000663.html", "municipality": "Yorii Town", "prefecture": "Saitama", "doc_type": "Regulation_HTML", "output_txt": "out/Yorii_Town_Regulation_HTML.txt", "status": "skipped", "method": "already_exists"}
{"url": "https://www.town.yorii.saitama.jp/uploaded/attachment/21892.pdf", "municipality": "Yorii Town", "prefecture": "Saitama", "doc_type": "Ordinance_PDF", "status": "skipped", "method": "html_exists", "output_pdf": null}
{"url": "https://www.town.yorii.saitama.jp/uploaded/attachment/22152.pdf", "municipality": "Yorii Town", "prefecture": "Saitama", "doc_type": "Regulation_PDF", "status": "skipped", "method": "html_exists", "output_pdf": null}
{"url": "https://www.town.zao.miyagi.jp/reiki_int/reiki_honbun/i800RG00001052.html", "municipality": "Zao Town", "prefecture": "Miyagi", "doc_type": "Ordinance_HTML", "output_txt": "out/Zao_Town_Ordinance_HTML.txt", "status": "skipped", "method": "already_exists"}
{"url": "https://www.town.zao.miyagi.jp/reiki_int/reiki_honbun/i800RG00001054.html", "municipality": "Zao Town", "prefecture": "Miyagi", "doc_type": "Regulation_HTML", "output_txt": "out/Zao_Town_Regulation_HTML.txt", "status": "skipped", "method": "already_exists"}
{"url": "https://www1.g-reiki.net/koumi-town/reiki_honbun/e721RG00000361.html", "municipality": "Koumi Town", "prefecture": "Nagano", "doc_type": "Ordinance_HTML", "output_txt": "out/Koumi_Town_Ordinance_HTML.txt", "status": "skipped", "method": "already_exists"}
{"url": "https://www1.g-reiki.net/koumi-town/reiki_honbun/e721RG00000362.html", "municipality": "Koumi Town", "prefecture": "Nagano", "doc_type": "Regulation_HTML", "output_txt": "out/Koumi_Town_Regulation_HTML.txt", "status": "skipped", "method": "already_exists"}
{"url": "https://www.town.nose.osaka.jp/material/files/group/24/saienejourei.pdf", "municipality": "Nose Town", "prefecture": "Osaka", "doc_type": "Ordinance_PDF", "output_pdf": "out_pdf/Nose_Town_Ordinance_PDF.pdf", "status": "skipped", "method": "already_exists"}
{"url": "https://www.town.nose.osaka.jp/material/files/group/24/kisokuann.pdf", "municipality": "Nose Town", "prefecture": "Osaka", "doc_type": "Regulation_PDF", "output_pdf": "out_pdf/Nose_Town_Regulation_PDF.pdf", "status": "skipped", "method": "already_exists"}
{"url": "https://www.city.kakegawa.shizuoka.jp/fs/5/3/5/8/0/2/_/_______________________________________.pdf", "municipality": "Kakegawa City", "prefecture": "Shizuoka", "doc_type": "Ordinance_PDF", "output_pdf": "out_pdf/Kakegawa_City_Ordinance_PDF.pdf", "status": "skipped", "method": "already_exists"}
{"url": "https://www.city.kakegawa.shizuoka.jp/fs/5/4/3/8/6/4/_/___________________________________________.pdf", "municipality": "Kakegawa City", "prefecture": "Shizuoka", "doc_type": "Regulation_PDF", "output_pdf": "out_pdf/Kakegawa_City_Regulation_PDF.pdf", "status": "skipped", "method": "already_exists"}
{"url": "https://www.town.shibata.miyagi.jp/index.cfm/75,59160,c,html/59160/20231208-093605.pdf", "municipality": "Shibata Town", "prefecture": "Miyagi", "doc_type": "Ordinance_PDF", "output_pdf": "out_pdf/Shibata_Town_Ordinance_PDF.pdf", "status": "skipped", "method": "already_exists"}
{"url": "https://www.town.shibata.miyagi.jp/index.cfm/75,59160,c,html/59160/20231208-093730.pdf", "municipality": "Shibata Town", "prefecture": "Miyagi", "doc_type": "Regulation_PDF", "output_pdf": "out_pdf/Shibata_Town_Regulation_PDF.pdf", "status": "skipped", "method": "already_exists"}
{"url": "https://www.city.ushiku.lg.jp/d1w_reiki/reiki_honbun/z500RG00001193.html", "municipality": "Ushiku City", "prefecture": "Ibaraki", "doc_type": "Ordinance_HTML", "output_txt": "out/Ushiku_City_Ordinance_HTML.txt", "status": "skipped", "method": "already_exists"}
{"url": "https://www.city.ushiku.lg.jp/d1w_reiki/reiki_honbun/z500RG00001205.html", "municipality": "Ushiku City", "prefecture": "Ibaraki", "doc_type": "Regulation_HTML", "output_txt": "out/Ushiku_City_Regulation_HTML.txt", "status": "skipped", "method": "already_exists"}
{"url": "https://www1.g-reiki.net/city.matsumoto/reiki_honbun/e703RG00002436.html", "municipality": "Matsumoto City", "prefecture": "Nagano", "doc_type": "Ordinance_HTML", "output_txt": "out/Matsumoto_City_Ordinance_HTML.txt", "status": "skipped", "method": "already_exists"}
{"url": "https://www1.g-reiki.net/city.matsumoto/reiki_honbun/e703RG00002449.html", "municipality": "Matsumoto City", "prefecture": "Nagano", "doc_type": "Regulation_HTML", "output_txt": "out/Matsumoto_City_Regulation_HTML.txt", "status": "skipped", "method": "already_exists"}
{"url": "https://www.city.tamba.lg.jp/section/reiki/reiki_honbun/r394RG00002475.html", "municipality": "Tamba City", "prefecture": "Hyogo", "doc_type": "Ordinance_HTML", "output_txt": "out/Tamba_City_Ordinance_HTML.txt", "status": "skipped", "method": "already_exists"}
{"url": "https://www.city.tamba.lg.jp/section/reiki/reiki_honbun/r394RG00002476.html", "municipality": "Tamba City", "prefecture": "Hyogo", "doc_type": "Regulation_HTML", "output_txt": "out/Tamba_City_Regulation_HTML.txt", "status": "skipped", "method": "already_exists"}
{"url": "https://www.city.iwakuni.lg.jp/uploaded/attachment/50806.pdf", "municipality": "Iwakuni City", "prefecture": "Yamaguchi", "doc_type": "Ordinance_PDF", "output_pdf": "out_pdf/Iwakuni_City_Ordinance_PDF.pdf", "status": "skipped", "method": "already_exists"}
{"url": "https://www.city.iwakuni.lg.jp/uploaded/attachment/50807.pdf", "municipality": "Iwakuni City", "prefecture": "Yamaguchi", "doc_type": "Regulation_PDF", "output_pdf": "out_pdf/Iwakuni_City_Regulation_PDF.pdf", "status": "skipped", "method": "already_exists"}
{"url": "https://www.town.okagaki.lg.jp/s010/taiyokojyourei.pdf", "municipality": "Okagaki Town", "prefecture": "Fukuoka", "doc_type": "Ordinance_PDF", "output_pdf": "out_pdf/Okagaki_Town_Ordinance_PDF.pdf", "status": "skipped", "method": "already_exists"}
{"url": "https://www.town.okagaki.lg.jp/s010/taiyokokisoku.pdf", "municipality": "Okagaki Town", "prefecture": "Fukuoka", "doc_type": "Regulation_PDF", "output_pdf": "out_pdf/Okagaki_Town_Regulation_PDF.pdf", "status": "skipped", "method": "already_exists"}
{"url": "https://www1.g-reiki.net/tsukuba/reiki_honbun/e019RG00001372.html", "municipality": "Tsukuba City", "prefecture": "Ibaraki", "doc_type": "Ordinance_HTML", "output_txt": "out/Tsukuba_City_Ordinance_HTML.txt", "status": "skipped", "method": "already_exists"}
{"url": "https://www1.g-reiki.net/tsukuba/reiki_honbun/e019RG00001373.html", "municipality": "Tsukuba City", "prefecture": "Ibaraki", "doc_type": "Regulation_HTML", "output_txt": "out/Tsukuba_City_Regulation_HTML.txt", "status": "skipped", "method": "already_exists"}
{"url": "https://www1.g-reiki.net/shinshiro/reiki_honbun/r366RG00000856.html", "municipality": "Shinshiro City", "prefecture": "Aichi", "doc_type": "Ordinance_HTML", "output_txt": "out/Shinshiro_City_Ordinance_HTML.txt", "status": "skipped", "method": "already_exists"}
{"url": "https://www1.g-reiki.net/shinshiro/reiki_honbun/r366RG00000859.html", "municipality": "Shinshiro City", "prefecture": "Aichi", "doc_type": "Regulation_HTML", "output_txt": "out/Shinshiro_City_Regulation_HTML.txt", "status": "skipped", "method": "already_exists"}
{"url": "https://www.city.shinshiro.lg.jp/kurashi/kankyo/energy/taiyoukoutetsuduki.files/joureihonbun.pdf", "municipality": "Shinshiro City", "prefecture": "Aichi", "doc_type": "Ordinance_PDF", "status": "skipped", "method": "html_exists", "output_pdf": null}
{"url": "https://www.city.shinshiro.lg.jp/kurashi/kankyo/energy/taiyoukoutetsuduki.files/sekoukisoku.pdf", "municipality": "Shinshiro City", "prefecture": "Aichi", "doc_type": "Regulation_PDF", "status": "skipped", "method": "html_exists", "output_pdf": null}
{"url": "https://www1.g-reiki.net/town.uchiko/reiki_honbun/r062RG00001341.html", "municipality": "Uchiko Town", "prefecture": "Ehime", "doc_type": "Ordinance_HTML", "output_txt": "out/Uchiko_Town_Ordinance_HTML.txt", "status": "skipped", "method": "already_exists"}
{"url": "https://www1.g-reiki.net/town.uchiko/reiki_honbun/r062RG00001355.html", "municipality": "Uchiko Town", "prefecture": "Ehime", "doc_type": "Regulation_HTML", "output_txt": "out/Uchiko_Town_Regulation_HTML.txt", "status": "skipped", "method": "already_exists"}
{"url": "https://www.town.uchiko.ehime.jp/uploaded/attachment/106731.pdf", "municipality": "Uchiko Town", "prefecture": "Ehime", "doc_type": "Ordinance_PDF", "status": "skipped", "method": "html_exists", "output_pdf": null}
{"url": "https://www.town.uchiko.ehime.jp/uploaded/attachment/106730.pdf", "municipality": "Uchiko Town", "prefecture": "Ehime", "doc_type": "Regulation_PDF", "status": "skipped", "method": "html_exists", "output_pdf": null}
{"url": "https://www1.g-reiki.net/higashimatsuyama/reiki_honbun/e313RG00001651.html", "municipality": "Higashimatsuyama City", "prefecture": "Saitama", "doc_type": "Ordinance_HTML", "output_txt": "out/Higashimatsuyama_City_Ordinance_HTML.txt", "status": "skipped", "method": "already_exists"}
{"url": "https://www1.g-reiki.net/higashimatsuyama/reiki_honbun/e313RG00001678.html", "municipality": "Higashimatsuyama City", "prefecture": "Saitama", "doc_type": "Regulation_HTML", "output_txt": "out/Higashimatsuyama_City_Regulation_HTML.txt", "status": "skipped", "method": "already_exists"}
{"url": "https://www.city.higashimatsuyama.lg.jp/uploaded/attachment/7247.pdf", "municipality": "Higashimatsuyama City", "prefecture": "Saitama", "doc_type": "Ordinance_PDF", "status": "skipped", "method": "html_exists", "output_pdf": null}
{"url": "https://www.city.higashimatsuyama.lg.jp/uploaded/attachment/7388.pdf", "municipality": "Higashimatsuyama City", "prefecture": "Saitama", "doc_type": "Regulation_PDF", "status": "skipped", "method": "html_exists", "output_pdf": null}
{"url": "https://www.city.azumino.nagano.jp/reiki/d1w_reiki/H505901010003/H505901010003_j.html", "municipality": "Azumino City", "prefecture": "Nagano", "doc_type": "Ordinance_HTML", "output_txt": "out/Azumino_City_Ordinance_HTML.txt", "status": "skipped", "method": "already_exists"}
{"url": "https://www.city.azumino.nagano.jp/uploaded/attachment/59280.pdf", "municipality": "Azumino City", "prefecture": "Nagano", "doc_type": "Regulation_PDF", "output_pdf": "out_pdf/Azumino_City_Regulation_PDF.pdf", "status": "skipped", "method": "already_exists"}
{"url": "https://reiki-web.city.uji.kyoto.jp/reiki/reiki_honbun/k106RG00001106.html", "municipality": "Uji City", "prefecture": "Kyoto", "doc_type": "Ordinance_HTML", "output_txt": "out/Uji_City_Ordinance_HTML.txt", "status": "skipped", "method": "already_exists"}
{"url": "https://reiki-web.city.uji.kyoto.jp/reiki/reiki_honbun/k106RG00001113.html", "municipality": "Uji City", "prefecture": "Kyoto", "doc_type": "Regulation_HTML", "output_txt": "out/Uji_City_Regulation_HTML.txt", "status": "skipped", "method": "already_exists"}
{"url": "https://www.city.uji.kyoto.jp/uploaded/attachment/37496.pdf", "municipality": "Uji City", "prefecture": "Kyoto", "doc_type": "Ordinance_PDF", "status": "skipped", "method": "html_exists", "output_pdf": null}
{"url": "https://www.city.uji.kyoto.jp/uploaded/attachment/37497.pdf", "municipality": "Uji City", "prefecture": "Kyoto", "doc_type": "Regulation_PDF", "status": "skipped", "method": "html_exists", "output_pdf": null}
{"url": "https://www1.g-reiki.net/komoro/reiki_honbun/e709RG00001432.html", "municipality": "Komoro City", "prefecture": "Nagano", "doc_type": "Ordinance_HTML", "output_txt": "out/Komoro_City_Ordinance_HTML.txt", "status": "skipped", "method": "already_exists"}
{"url": "https://www1.g-reiki.net/komoro/reiki_honbun/e709RG00001444.html", "municipality": "Komoro City", "prefecture": "Nagano", "doc_type": "Regulation_HTML", "output_txt": "out/Komoro_City_Regulation_HTML.txt", "status": "skipped", "method": "already_exists"}
{"url": "https://www.city.komoro.lg.jp/material/files/group/10/taiyoukoujourei20230401.pdf", "municipality": "Komoro City", "prefecture": "Nagano", "doc_type": "Ordinance_PDF", "status": "skipped", "method": "html_exists", "output_pdf": null}
{"url": "https://www.city.komoro.lg.jp/material/files/group/10/taiyoukoujoureikisoku230701.pdf", "municipality": "Komoro City", "prefecture": "Nagano", "doc_type": "Regulation_PDF", "status": "skipped", "method": "html_exists", "output_pdf": null}
{"url": "https://www.city.miyako.iwate.jp/material/files/group/13/saiene_jourei.pdf", "municipality": "Miyako City", "prefecture": "Iwate", "doc_type": "Ordinance_PDF", "output_pdf": "out_pdf/Miyako_City_Ordinance_PDF.pdf", "status": "skipped", "method": "already_exists"}
{"url": "https://www.city.miyako.iwate.jp/material/files/group/13/saiene_jourei_kisoku.pdf", "municipality": "Miyako City", "prefecture": "Iwate", "doc_type": "Regulation_PDF", "output_pdf": "out_pdf/Miyako_City_Regulation_PDF.pdf", "status": "skipped", "method": "already_exists"}
{"url": "https://www1.g-reiki.net/city.kyotango/reiki_honbun/r025RG00001916.html", "municipality": "Kyotango City", "prefecture": "Kyoto", "doc_type": "Ordinance_HTML", "output_txt": "out/Kyotango_City_Ordinance_HTML.txt", "status": "skipped", "method": "already_exists"}
{"url": "https://www1.g-reiki.net/city.kyotango/reiki_honbun/r025RG00001919.html", "municipality": "Kyotango City", "prefecture": "Kyoto", "doc_type": "Regulation_HTML", "output_txt": "out/Kyotango_City_Regulation_HTML.txt", "status": "skipped", "method": "already_exists"}
{"url": "https://www.city.kyotango.lg.jp/material/files/group/12/taiyoukouhatsudenjoureikisoku.pdf", "municipality": "Kyotango City", "prefecture": "Kyoto", "doc_type": "Regulation_PDF", "status": "skipped", "method": "html_exists", "output_pdf": null}
{"url": "https://www1.g-reiki.net/kashima/reiki_honbun/q208RG00000714.html", "municipality": "Kashima City", "prefecture": "Saga", "doc_type": "Ordinance_HTML", "output_txt": "out/Kashima_City_Ordinance_HTML.txt", "status": "skipped", "method": "already_exists"}
{"url": "https://www1.g-reiki.net/kashima/reiki_honbun/q208RG00000721.html", "municipality": "Kashima City", "prefecture": "Saga", "doc_type": "Regulation_HTML", "output_txt": "out/Kashima_City_Regulation_HTML.txt", "status": "skipped", "method": "already_exists"}
{"url": "https://www.town.yabuki.fukushima.jp/data/doc/1680151778_doc_34_0.pdf", "municipality": "Yabuki Town", "prefecture": "Fukushima", "doc_type": "Ordinance_PDF", "output_pdf": "out_pdf/Yabuki_Town_Ordinance_PDF.pdf", "status": "skipped", "method": "already_exists"}
{"url": "https://www.town.yabuki.fukushima.jp/data/doc/1680151782_doc_34_0.pdf", "municipality": "Yabuki Town", "prefecture": "Fukushima", "doc_type": "Regulation_PDF", "output_pdf": "out_pdf/Yabuki_Town_Regulation_PDF.pdf", "status": "skipped", "method": "already_exists"}
{"url": "https://www.town.ibaraki.lg.jp/reiki_int/reiki_honbun/e022RG00001305.html", "municipality": "Ibaraki Town", "prefecture": "Ibaraki", "doc_type": "Ordinance_HTML", "output_txt": "out/Ibaraki_Town_Ordinance_HTML.txt", "status": "skipped", "method": "already_exists"}
{"url": "https://www.town.ibaraki.lg.jp/reiki_int/reiki_honbun/e022RG00001306.html", "municipality": "Ibaraki Town", "prefecture": "Ibaraki", "doc_type": "Regulation_HTML", "output_txt": "out/Ibaraki_Town_Regulation_HTML.txt", "status": "skipped", "method": "already_exists"}
{"url": "https://www.rilg.or.jp/htdocs/uploads/豊城町太陽光発電条例.pdf", "municipality": "Ibaraki Town", "prefecture": "Ibaraki", "doc_type": "Ordinance_PDF", "status": "skipped", "method": "html_exists", "output_pdf": null}
{"url": "https://en3-jg.d1-law.com/kitaaiki/d1w_reiki/H505901010018/H505901010018.html", "municipality": "Kitaaiki Village", "prefecture": "Nagano", "doc_type": "Ordinance_HTML", "output_txt": "out/Kitaaiki_Village_Ordinance_HTML.txt", "status": "skipped", "method": "already_exists"}
{"url": "https://www1.g-reiki.net/vill.hakuba/reiki_honbun/e799RG00000877.html", "municipality": "Hakuba Village", "prefecture": "Nagano", "doc_type": "Ordinance_HTML", "output_txt": "out/Hakuba_Village_Ordinance_HTML.txt", "status": "skipped", "method": "already_exists"}
{"url": "https://www1.g-reiki.net/vill.hakuba/reiki_honbun/e799RG00000878.html", "municipality": "Hakuba Village", "prefecture": "Nagano", "doc_type": "Regulation_HTML", "output_txt": "out/Hakuba_Village_Regulation_HTML.txt", "status": "skipped", "method": "already_exists"}
{"url": "https://www.vill.hakuba.lg.jp/material/files/group/8/hakuba_taikoukou_jourei.pdf", "municipality": "Hakuba Village", "prefecture": "Nagano", "doc_type": "Ordinance_PDF", "status": "skipped", "method": "html_exists", "output_pdf": null}
{"url": "https://www.town.kikonai.hokkaido.jp/files/00004900/00004936/条例.pdf", "municipality": "Kikonai Town", "prefecture": "Hokkaido", "doc_type": "Ordinance_PDF", "output_pdf": "out_pdf/Kikonai_Town_Ordinance_PDF.pdf", "status": "skipped", "method": "already_exists"}
{"url": "https://www.town.kikonai.hokkaido.jp/files/00004900/00004936/条例施行規則.pdf", "municipality": "Kikonai Town", "prefecture": "Hokkaido", "doc_type": "Regulation_PDF", "output_pdf": "out_pdf/Kikonai_Town_Regulation_PDF.pdf", "status": "skipped", "method": "already_exists"}
{"url": "https://www1.g-reiki.net/chichibu/reiki_honbun/r165RG00001182.html", "municipality": "Chichibu City", "prefecture": "Saitama", "doc_type": "Ordinance_HTML", "output_txt": "out/Chichibu_City_Ordinance_HTML.txt", "status": "skipped", "method": "already_exists"}
{"url": "https://www1.g-reiki.net/chichibu/reiki_honbun/r165RG00001186.html", "municipality": "Chichibu City", "prefecture": "Saitama", "doc_type": "Regulation_HTML", "output_txt": "out/Chichibu_City_Regulation_HTML.txt", "status": "skipped", "method": "already_exists"}
{"url": "https://www.city.chichibu.lg.jp/secure/24683/R5taiyoukouzyourei.pdf", "municipality": "Chichibu City", "prefecture": "Saitama", "doc_type": "Ordinance_PDF", "status": "skipped", "method": "html_exists", "output_pdf": null}
{"url": "https://www.city.chichibu.lg.jp/secure/24683/sekoukisoku.pdf", "municipality": "Chichibu City", "prefecture": "Saitama", "doc_type": "Regulation_PDF", "status": "skipped", "method": "html_exists", "output_pdf": null}
{"url": "https://www.town.tochigi-haga.lg.jp/kurashi/kurashi/documents/taiyoukou-jourei1.pdf", "municipality": "Haga Town", "prefecture": "Tochigi", "doc_type": "Ordinance_PDF", "output_pdf": "out_pdf/Haga_Town_Ordinance_PDF.pdf", "status": "skipped", "method": "already_exists"}
{"url": "https://www.town.tochigi-haga.lg.jp/kurashi/kurashi/documents/taiyoukou-kisoku1.pdf", "municipality": "Haga Town", "prefecture": "Tochigi", "doc_type": "Regulation_PDF", "output_pdf": "out_pdf/Haga_Town_Regulation_PDF.pdf", "status": "skipped", "method": "already_exists"}
{"url": "https://www.town.tsukigata.hokkaido.jp/uploaded/life/5375_5314_misc.pdf", "municipality": "Tsukigata Town", "prefecture": "Hokkaido", "doc_type": "Ordinance_PDF", "output_pdf": "out_pdf/Tsukigata_Town_Ordinance_PDF.pdf", "status": "skipped", "method": "already_exists"}
{"url": "https://www.town.tsukigata.hokkaido.jp/uploaded/life/5375_5315_misc.pdf", "municipality": "Tsukigata Town", "prefecture": "Hokkaido", "doc_type": "Regulation_PDF", "output_pdf": "out_pdf/Tsukigata_Town_Regulation_PDF.pdf", "status": "skipped", "method": "already_exists"}
{"url": "https://www.city.shiroishi.miyagi.jp/reiki/reiki_honbun/c207RG00001305.html", "municipality": "Shiroishi City", "prefecture": "Miyagi", "doc_type": "Ordinance_HTML", "output_txt": "out/Shiroishi_City_Ordinance_HTML.txt", "status": "skipped", "method": "already_exists"}
{"url": "https://www.city.shiroishi.miyagi.jp/uploaded/attachment/24777.pdf", "municipality": "Shiroishi City", "prefecture": "Miyagi", "doc_type": "Regulation_PDF", "output_pdf": "out_pdf/Shiroishi_City_Regulation_PDF.pdf", "status": "skipped", "method": "already_exists"}
{"url": "https://www.city.sendai.jp/kankyochose/kurashi/machi/kankyohozen/kurashi/taiyokojorei/taiyokojorei_reiki.pdf", "municipality": "Sendai City", "prefecture": "Miyagi", "doc_type": "Ordinance_PDF", "output_pdf": "out_pdf/Sendai_City_Ordinance_PDF.pdf", "status": "skipped", "method": "already_exists"}
{"url": "https://www.city.sendai.jp/kankyochose/kurashi/machi/kankyohozen/kurashi/taiyokojorei/taiyoko_kisoku.pdf", "municipality": "Sendai City", "prefecture": "Miyagi", "doc_type": "Regulation_PDF", "output_pdf": "out_pdf/Sendai_City_Regulation_PDF.pdf", "status": "skipped", "method": "already_exists"}
{"url": "https://www.town.minamisanriku.miyagi.jp/reiki/reiki_honbun/r231RG00001001.html", "municipality": "Minamisanriku Town", "prefecture": "Miyagi", "doc_type": "Ordinance_HTML", "output_txt": "out/Minamisanriku_Town_Ordinance_HTML.txt", "status": "skipped", "method": "already_exists"}
{"url": "https://www.town.moroyama.saitama.jp/section/reiki_int/reiki_honbun/e349RG00000919.html", "municipality": "Moroyama Town", "prefecture": "Saitama", "doc_type": "Regulation_HTML", "output_txt": "out/Moroyama_Town_Regulation_HTML.txt", "status": "skipped", "method": "already_exists"}
{"url": "https://www.town.moroyama.saitama.jp/material/files/group/18/taiyoukou_jyourei.pdf", "municipality": "Moroyama Town", "prefecture": "Saitama", "doc_type": "Ordinance_PDF", "output_pdf": "out_pdf/Moroyama_Town_Ordinance_PDF.pdf", "status": "skipped", "method": "already_exists"}
{"url": "https://www.town.yamamoto.miyagi.jp/uploaded/attachment/15601.pdf", "municipality": "Yamamoto Town", "prefecture": "Miyagi", "doc_type": "Ordinance_PDF", "output_pdf": "out_pdf/Yamamoto_Town_Ordinance_PDF.pdf", "status": "skipped", "method": "already_exists"}
{"url": "https://www.town.yamamoto.miyagi.jp/uploaded/attachment/15602.pdf", "municipality": "Yamamoto Town", "prefecture": "Miyagi", "doc_type": "Regulation_PDF", "output_pdf": "out_pdf/Yamamoto_Town_Regulation_PDF.pdf", "status": "skipped", "method": "already_exists"}
{"url": "https://www.city.sakura.lg.jp/material/files/??/643e5a13918d0.pdf", "municipality": "Sakura City", "prefecture": "Tochigi", "doc_type": "Ordinance_PDF", "output_pdf": "out_pdf/Sakura_City_Ordinance_PDF.pdf", "status": "skipped", "method": "already_exists"}
{"url": "https://www.city.sakura.lg.jp/material/files/??/643e5a3258b0c.pdf", "municipality": "Sakura City", "prefecture": "Tochigi", "doc_type": "Regulation_PDF", "output_pdf": "out_pdf/Sakura_City_Regulation_PDF.pdf", "status": "skipped", "method": "already_exists"}
{"url": "https://www.town.ozu.kumamoto.jp/uploaded/attachment/2389.pdf", "municipality": "Ozu Town", "prefecture": "Kumamoto", "doc_type": "Ordinance_PDF", "output_pdf": "out_pdf/Ozu_Town_Ordinance_PDF.pdf", "status": "skipped", "method": "already_exists"}
{"url": "https://www.town.ozu.kumamoto.jp/uploaded/attachment/2004.pdf", "municipality": "Ozu Town", "prefecture": "Kumamoto", "doc_type": "Regulation_PDF", "output_pdf": "out_pdf/Ozu_Town_Regulation_PDF.pdf", "status": "skipped", "method": "already_exists"}
{"url": "https://www.vill.nagano-toyooka.lg.jp/70reiki/reiki_honbun/e764RG00000827.html", "content_type": "text/html", "fetched_at": "2025-11-03T07:01:07+0000", "method": "trafilatura/BeautifulSoup", "bytes_sha256": "8d034e61101fcce50c2027260372384d4a87c9a00eec884494e0aa882c62f61e", "output_txt": "out/Toyooka_Village_Ordinance_HTML.txt", "municipality": "Toyooka Village", "prefecture": "Nagano", "doc_type": "Ordinance_HTML"}
{"url": "https://www.vill.nagano-toyooka.lg.jp/70reiki/reiki_honbun/e764RG00000833.html", "content_type": "text/html", "fetched_at": "2025-11-03T07:01:08+0000", "method": "trafilatura/BeautifulSoup", "bytes_sha256": "1e6efb29955e2977d1b82e50d14cc72b3f1341c101c18cb3951a64eb71a554fd", "output_txt": "out/Toyooka_Village_Regulation_HTML.txt", "municipality": "Toyooka Village", "prefecture": "Nagano", "doc_type": "Regulation_HTML"}
{"url": "https://www.vill.nagano-toyooka.lg.jp/uploaded/life/252/4252.pdf", "municipality": "Toyooka Village", "prefecture": "Nagano", "doc_type": "Ordinance_PDF", "status": "skipped", "method": "html_exists", "output_pdf": null}
{"url": "https://www.vill.nagano-toyooka.lg.jp/uploaded/life/252/4253.pdf", "municipality": "Toyooka Village", "prefecture": "Nagano", "doc_type": "Regulation_PDF", "status": "skipped", "method": "html_exists", "output_pdf": null}
{"url": "https://www1.g-reiki.net/vill.achi/reiki_honbun/e755RG00000761.html", "municipality": "Achi Village", "prefecture": "Nagano", "doc_type": "Ordinance_HTML", "output_txt": "out/Achi_Village_Ordinance_HTML.txt", "status": "skipped", "method": "already_exists"}
{"url": "https://www.town.achi.nagano.jp/uploaded/life/14363/14363_38392_misc.pdf", "municipality": "Achi Village", "prefecture": "Nagano", "doc_type": "Ordinance_PDF", "error": "HTTPSConnectionPool(host='www.town.achi.nagano.jp', port=443): Max retries exceeded with url: /uploaded/life/14363/14363_38392_misc.pdf (Caused by NameResolutionError(\"<urllib3.connection.HTTPSConnection object at 0xffff948b1990>: Failed to resolve 'www.town.achi.nagano.jp' ([Errno -2] Name or service not known)\"))"}
{"url": "https://www.vill.achi.lg.jp/uploaded/life/14363_38314_misc.pdf", "municipality": "Achi Village", "prefecture": "Nagano", "doc_type": "Regulation_PDF", "output_pdf": "out_pdf/Achi_Village_Regulation_PDF.pdf", "status": "skipped", "method": "already_exists"}
{"url": "https://www1.g-reiki.net/hirayamura/reiki_honbun/e757RG00000389.html", "municipality": "Hiraya Village", "prefecture": "Nagano", "doc_type": "Ordinance_HTML", "output_txt": "out/Hiraya_Village_Ordinance_HTML.txt", "status": "skipped", "method": "already_exists"}
{"url": "https://www1.g-reiki.net/town.nankan/reiki_honbun/q428RG00000616.html", "municipality": "南関町 (Nankan)", "prefecture": "熊本県 (Kumamoto)", "doc_type": "Ordinance_HTML", "output_txt": "out/南関町_Nankan_Ordinance_HTML.txt", "status": "skipped", "method": "already_exists"}
{"url": "https://www1.g-reiki.net/town.nankan/reiki_honbun/q428RG00000617.html", "municipality": "南関町 (Nankan)", "prefecture": "熊本県 (Kumamoto)", "doc_type": "Regulation_HTML", "output_txt": "out/南関町_Nankan_Regulation_HTML.txt", "status": "skipped", "method": "already_exists"}
{"url": "https://www.town.minamichita.lg.jp/_res/projects/default_project/_page_/001/004/219/jyourei1.pdf", "municipality": "南知多町 (Minamichita)", "prefecture": "愛知県 (Aichi)", "doc_type": "Ordinance_PDF", "output_pdf": "out_pdf/南知多町_Minamichita_Ordinance_PDF.pdf", "status": "skipped", "method": "already_exists"}
{"url": "https://www.town.minamichita.lg.jp/_res/projects/default_project/_page_/001/004/219/kisokukai1.docx", "municipality": "南知多町 (Minamichita)", "prefecture": "愛知県 (Aichi)", "doc_type": "Regulation_PDF", "output_txt": "out/南知多町_Minamichita_Regulation_PDF.txt", "status": "skipped", "method": "already_exists"}
{"url": "https://www.city.kanazawa.ishikawa.jp/reiki/reiki_honbun/a400RG00001852.html", "municipality": "金沢市 (Kanazawa)", "prefecture": "石川県 (Ishikawa)", "doc_type": "Ordinance_HTML", "output_txt": "out/金沢市_Kanazawa_Ordinance_HTML.txt", "status": "skipped", "method": "already_exists"}
{"url": "https://www.city.kanazawa.ishikawa.jp/reiki/reiki_honbun/a400RG00001853.html", "municipality": "金沢市 (Kanazawa)", "prefecture": "石川県 (Ishikawa)", "doc_type": "Regulation_HTML", "output_txt": "out/金沢市_Kanazawa_Regulation_HTML.txt", "status": "skipped", "method": "already_exists"}
{"url": "https://www1.g-reiki.net/city.hanno/reiki_honbun/e310RG00001147.html", "municipality": "飯能市 (Hanno)", "prefecture": "埼玉県 (Saitama)", "doc_type": "Ordinance_HTML", "output_txt": "out/飯能市_Hanno_Ordinance_HTML.txt", "status": "skipped", "method": "already_exists"}
{"url": "https://www1.g-reiki.net/city.hanno/reiki_honbun/e310RG00001152.html", "municipality": "飯能市 (Hanno)", "prefecture": "埼玉県 (Saitama)", "doc_type": "Regulation_HTML", "output_txt": "out/飯能市_Hanno_Regulation_HTML.txt", "status": "skipped", "method": "already_exists"}
{"url": "https://www.town.hiji.lg.jp/section/d1w_reiki/H504901010032/H504901010032.html", "municipality": "日出町 (Hiji)", "prefecture": "大分県 (Oita)", "doc_type": "Ordinance_HTML", "output_txt": "out/日出町_Hiji_Ordinance_HTML.txt", "status": "skipped", "method": "already_exists"}
{"url": "https://www.town.hiji.lg.jp/material/files/group/4/0-1_jyoureisekoukisoku.pdf", "municipality": "日出町 (Hiji)", "prefecture": "大分県 (Oita)", "doc_type": "Regulation_PDF", "output_pdf": "out_pdf/日出町_Hiji_Regulation_PDF.pdf", "status": "skipped", "method": "already_exists"}
{"url": "https://www.city.kumagaya.lg.jp/kurashi/kankyo/kankyo/taiyoukouzyourei.files/zyourei.pdf", "municipality": "熊谷市 (Kumagaya)", "prefecture": "埼玉県 (Saitama)", "doc_type": "Ordinance_PDF", "output_pdf": "out_pdf/熊谷市_Kumagaya_Ordinance_PDF.pdf", "status": "skipped", "method": "already_exists"}
{"url": "https://www.city.kumagaya.lg.jp/kurashi/kankyo/kankyo/taiyoukouzyourei.files/kisoku.pdf", "municipality": "熊谷市 (Kumagaya)", "prefecture": "埼玉県 (Saitama)", "doc_type": "Regulation_PDF", "output_pdf": "out_pdf/熊谷市_Kumagaya_Regulation_PDF.pdf", "status": "skipped", "method": "already_exists"}
{"url": "https://www.city.shimonoseki.lg.jp/uploaded/attachment/68411.pdf", "municipality": "下関市 (Shimonoseki)", "prefecture": "山口県 (Yamaguchi)", "doc_type": "Ordinance_PDF", "output_pdf": "out_pdf/下関市_Shimonoseki_Ordinance_PDF.pdf", "status": "skipped", "method": "already_exists"}
{"url": "https://www.city.shimonoseki.lg.jp/uploaded/attachment/68412.pdf", "municipality": "下関市 (Shimonoseki)", "prefecture": "山口県 (Yamaguchi)", "doc_type": "Regulation_PDF", "output_pdf": "out_pdf/下関市_Shimonoseki_Regulation_PDF.pdf", "status": "skipped", "method": "already_exists"}
{"url": "https://www.town.onagawa.miyagi.jp/04_06nyusatu/pdf/r05_renewable_energy_jyorei.pdf", "municipality": "女川町 (Onagawa)", "prefecture": "宮城県 (Miyagi)", "doc_type": "Ordinance_PDF", "output_pdf": "out_pdf/女川町_Onagawa_Ordinance_PDF.pdf", "status": "skipped", "method": "already_exists"}
{"url": "https://www.town.onagawa.miyagi.jp/04_06nyusatu/pdf/r05_renewable_energy_kisoku.pdf", "municipality": "女川町 (Onagawa)", "prefecture": "宮城県 (Miyagi)", "doc_type": "Regulation_PDF", "output_pdf": "out_pdf/女川町_Onagawa_Regulation_PDF.pdf", "status": "skipped", "method": "already_exists"}
{"url": "https://www.city.hachimantai.lg.jp/uploaded/attachment/15386.pdf", "municipality": "八幡平市 (Hachimantai)", "prefecture": "岩手県 (Iwate)", "doc_type": "Ordinance_PDF", "output_pdf": "out_pdf/八幡平市_Hachimantai_Ordinance_PDF.pdf", "status": "skipped", "method": "already_exists"}
{"url": "https://www.city.hachimantai.lg.jp/uploaded/attachment/15613.pdf", "municipality": "八幡平市 (Hachimantai)", "prefecture": "岩手県 (Iwate)", "doc_type": "Regulation_PDF", "output_pdf": "out_pdf/八幡平市_Hachimantai_Regulation_PDF.pdf", "status": "skipped", "method": "already_exists"}
{"url": "https://www1.g-reiki.net/town.kagamino/reiki_honbun/r141RG00001370.html", "municipality": "鏡野町 (Kagamino)", "prefecture": "岡山県 (Okayama)", "doc_type": "Ordinance_HTML", "output_txt": "out/鏡野町_Kagamino_Ordinance_HTML.txt", "status": "skipped", "method": "already_exists"}
{"url": "https://www1.g-reiki.net/town.kagamino/reiki_honbun/r141RG00001383.html", "municipality": "鏡野町 (Kagamino)", "prefecture": "岡山県 (Okayama)", "doc_type": "Regulation_HTML", "output_txt": "out/鏡野町_Kagamino_Regulation_HTML.txt", "status": "skipped", "method": "already_exists"}
{"url": "https://www1.g-reiki.net/iruma/reiki_honbun/e326RG00001198.html", "municipality": "入間市 (Iruma)", "prefecture": "埼玉県 (Saitama)", "doc_type": "Ordinance_HTML", "output_txt": "out/入間市_Iruma_Ordinance_HTML.txt", "status": "skipped", "method": "already_exists"}
{"url": "https://www1.g-reiki.net/iruma/reiki_honbun/e326RG00001200.html", "municipality": "入間市 (Iruma)", "prefecture": "埼玉県 (Saitama)", "doc_type": "Regulation_HTML", "output_txt": "out/入間市_Iruma_Regulation_HTML.txt", "status": "skipped", "method": "already_exists"}
{"url": "https://www1.g-reiki.net/town.miyako/reiki_honbun/r319RG00001191.html", "municipality": "みやこ町 (Miyako)", "prefecture": "福岡県 (Fukuoka)", "doc_type": "Ordinance_HTML", "output_txt": "out/みやこ町_Miyako_Ordinance_HTML.txt", "status": "skipped", "method": "already_exists"}
{"url": "https://www.town.miyako.lg.jp/jyuumin/seikatu/tikyuonndannka/documents/kisoku_sain.pdf", "municipality": "みやこ町 (Miyako)", "prefecture": "福岡県 (Fukuoka)", "doc_type": "Regulation_PDF", "output_pdf": "out_pdf/みやこ町_Miyako_Regulation_PDF.pdf", "status": "skipped", "method": "already_exists"}
{"url": "https://www1.g-reiki.net/town.sango/reiki_honbun/k416RG00000977.html", "municipality": "三郷町 (Sango-chō)", "prefecture": "奈良県 (Nara)", "doc_type": "Ordinance_HTML", "output_txt": "out/三郷町_Sango-chō_Ordinance_HTML.txt", "status": "skipped", "method": "already_exists"}
{"url": "https://www1.g-reiki.net/town.sango/reiki_honbun/k416RG00000998.html", "municipality": "三郷町 (Sango-chō)", "prefecture": "奈良県 (Nara)", "doc_type": "Regulation_HTML", "output_txt": "out/三郷町_Sango-chō_Regulation_HTML.txt", "status": "skipped", "method": "already_exists"}
{"url": "https://www.city.usa.oita.jp/material/files/group/13/saiene_jourei.pdf", "municipality": "宇佐市 (Usa-shi)", "prefecture": "大分県 (Oita)", "doc_type": "Ordinance_PDF", "output_pdf": "out_pdf/宇佐市_Usa-shi_Ordinance_PDF.pdf", "status": "skipped", "method": "already_exists"}
{"url": "https://www.city.usa.oita.jp/material/files/group/13/saiene_kisoku_honbun.pdf", "municipality": "宇佐市 (Usa-shi)", "prefecture": "大分県 (Oita)", "doc_type": "Regulation_PDF", "output_pdf": "out_pdf/宇佐市_Usa-shi_Regulation_PDF.pdf", "status": "skipped", "method": "already_exists"}
{"url": "https://town.shichikashuku.miyagi.jp/town/gyosei/reiki_int/reiki_honbun/c213RG00000864.html", "municipality": "七ヶ宿町 (Shichikashuku-machi)", "prefecture": "宮城県 (Miyagi)", "doc_type": "Ordinance_HTML", "output_txt": "out/七ヶ宿町_Shichikashuku-machi_Ordinance_HTML.txt", "status": "skipped", "method": "already_exists"}
{"url": "https://town.shichikashuku.miyagi.jp/town/gyosei/reiki_int/reiki_honbun/c213RG00000865.html", "municipality": "七ヶ宿町 (Shichikashuku-machi)", "prefecture": "宮城県 (Miyagi)", "doc_type": "Regulation_HTML", "output_txt": "out/七ヶ宿町_Shichikashuku-machi_Regulation_HTML.txt", "status": "skipped", "method": "already_exists"}
{"url": "https://www1.g-reiki.net/town.daigo.ibaraki/reiki_honbun/e044RG00001300.html", "municipality": "大子町 (Daigo-machi)", "prefecture": "茨城県 (Ibaraki)", "doc_type": "Ordinance_HTML", "output_txt": "out/大子町_Daigo-machi_Ordinance_HTML.txt", "status": "skipped", "method": "already_exists"}
{"url": "https://www1.g-reiki.net/town.daigo.ibaraki/reiki_honbun/e044RG00001302.html", "municipality": "大子町 (Daigo-machi)", "prefecture": "茨城県 (Ibaraki)", "doc_type": "Regulation_HTML", "output_txt": "out/大子町_Daigo-machi_Regulation_HTML.txt", "status": "skipped", "method": "already_exists"}
{"url": "http://houmu.h-chosonkai.gr.jp/~reikidb/data/88/47/reiki_honbun/a214RG00000125.html", "municipality": "標津町 (Shibetsu-chō)", "prefecture": "北海道 (Hokkaido)", "doc_type": "Ordinance_HTML", "output_txt": "out/標津町_Shibetsu-chō_Ordinance_HTML.txt", "status": "skipped", "method": "already_exists"}
{"url": "https://www.shibetsutown.jp/file/contents/1792/16058/kisoku.pdf", "municipality": "標津町 (Shibetsu-chō)", "prefecture": "北海道 (Hokkaido)", "doc_type": "Regulation_PDF", "output_pdf": "out_pdf/標津町_Shibetsu-chō_Regulation_PDF.pdf", "status": "skipped", "method": "already_exists"}
{"url": "https://www1.g-reiki.net/yoshioka/reiki_honbun/e230RG00001095.html", "municipality": "吉岡町 (Yoshioka-machi)", "prefecture": "群馬県 (Gunma)", "doc_type": "Ordinance_HTML", "output_txt": "out/吉岡町_Yoshioka-machi_Ordinance_HTML.txt", "status": "skipped", "method": "already_exists"}
{"url": "https://www1.g-reiki.net/yoshioka/reiki_honbun/e230RG00001098.html", "municipality": "吉岡町 (Yoshioka-machi)", "prefecture": "群馬県 (Gunma)", "doc_type": "Regulation_HTML", "output_txt": "out/吉岡町_Yoshioka-machi_Regulation_HTML.txt", "status": "skipped", "method": "already_exists"}
{"url": "https://www.town.ibaraki-yachiyo.lg.jp/data/doc/1666166663_doc_41_0.pdf", "municipality": "八千代町 (Yachiyo-machi)", "prefecture": "茨城県 (Ibaraki)", "doc_type": "Ordinance_PDF", "output_pdf": "out_pdf/八千代町_Yachiyo-machi_Ordinance_PDF.pdf", "status": "skipped", "method": "already_exists"}
{"url": "https://www.town.ibaraki-yachiyo.lg.jp/data/doc/1666166660_doc_41_0.pdf", "municipality": "八千代町 (Yachiyo-machi)", "prefecture": "茨城県 (Ibaraki)", "doc_type": "Regulation_PDF", "output_pdf": "out_pdf/八千代町_Yachiyo-machi_Regulation_PDF.pdf", "status": "skipped", "method": "already_exists"}
{"url": "https://www.town.murata.miyagi.jp/cyosei/on-line/reiki_int/reiki_honbun/c215RG00001056.html", "municipality": "村田町 (Murata-machi)", "prefecture": "宮城県 (Miyagi)", "doc_type": "Ordinance_HTML", "output_txt": "out/村田町_Murata-machi_Ordinance_HTML.txt", "status": "skipped", "method": "already_exists"}
{"url": "https://www.town.murata.miyagi.jp/kurashi/gomi_kankyo/energy/file/kisoku_02.pdf", "municipality": "村田町 (Murata-machi)", "prefecture": "宮城県 (Miyagi)", "doc_type": "Regulation_PDF", "output_pdf": "out_pdf/村田町_Murata-machi_Regulation_PDF.pdf", "status": "skipped", "method": "already_exists"}
{"url": "https://www.city.oamishirasato.lg.jp/cmsfiles/contents/0000012/12499/jourei.pdf", "municipality": "大網白里市 (Oamishirasato-shi)", "prefecture": "千葉県 (Chiba)", "doc_type": "Ordinance_PDF", "output_pdf": "out_pdf/大網白里市_Oamishirasato-shi_Ordinance_PDF.pdf", "status": "skipped", "method": "already_exists"}
{"url": "https://www.city.oamishirasato.lg.jp/cmsfiles/contents/0000012/12499/sekoukisoku.pdf", "municipality": "大網白里市 (Oamishirasato-shi)", "prefecture": "千葉県 (Chiba)", "doc_type": "Regulation_PDF", "output_pdf": "out_pdf/大網白里市_Oamishirasato-shi_Regulation_PDF.pdf", "status": "skipped", "method": "already_exists"}
{"url": "https://www.city.miki.lg.jp/reiki_int/reiki_honbun/k317RG00001304.html", "municipality": "三木市 (Miki-shi)", "prefecture": "兵庫県 (Hyogo)", "doc_type": "Ordinance_HTML", "output_txt": "out/三木市_Miki-shi_Ordinance_HTML.txt", "status": "skipped", "method": "already_exists"}
{"url": "https://www.city.miki.lg.jp/reiki_int/reiki_honbun/k317RG00001305.html", "municipality": "三木市 (Miki-shi)", "prefecture": "兵庫県 (Hyogo)", "doc_type": "Regulation_HTML", "output_txt": "out/三木市_Miki-shi_Regulation_HTML.txt", "status": "skipped", "method": "already_exists"}
{"url": "https://www.town.ikata.ehime.jp/reiki_int/reiki_honbun/r099RG00001069.html", "municipality": "伊方町 (Ikata-chō)", "prefecture": "愛媛県 (Ehime)", "doc_type": "Ordinance_HTML", "output_txt": "out/伊方町_Ikata-chō_Ordinance_HTML.txt", "status": "skipped", "method": "already_exists"}
{"url": "https://www.town.ikata.ehime.jp/uploaded/life/20371_107707_misc.pdf", "municipality": "伊方町 (Ikata-chō)", "prefecture": "愛媛県 (Ehime)", "doc_type": "Regulation_PDF", "output_pdf": "out_pdf/伊方町_Ikata-chō_Regulation_PDF.pdf", "status": "skipped", "method": "already_exists"}
{"url": "https://www2.city.amakusa.kumamoto.jp/reiki/reiki_honbun/r351RG00001572.html", "municipality": "天草市 (Amakusa-shi)", "prefecture": "熊本県 (Kumamoto)", "doc_type": "Ordinance_HTML", "output_txt": "out/天草市_Amakusa-shi_Ordinance_HTML.txt", "status": "skipped", "method": "already_exists"}
{"url": "https://www2.city.amakusa.kumamoto.jp/reiki/reiki_honbun/r351RG00001579.html", "municipality": "天草市 (Amakusa-shi)", "prefecture": "熊本県 (Kumamoto)", "doc_type": "Regulation_HTML", "output_txt": "out/天草市_Amakusa-shi_Regulation_HTML.txt", "status": "skipped", "method": "already_exists"}
{"url": "https://www.city.amakusa.kumamoto.jp/kiji0039970/3_9970_47722_up_dh5spqk2.pdf", "municipality": "天草市 (Amakusa-shi)", "prefecture": "熊本県 (Kumamoto)", "doc_type": "Regulation_PDF", "status": "skipped", "method": "html_exists", "output_pdf": null}
{"url": "https://www.city.bando.lg.jp/data/reiki/reiki_honbun/r155RG00001437.html", "municipality": "坂東市 (Bandō-shi)", "prefecture": "茨城県 (Ibaraki)", "doc_type": "Ordinance_HTML", "output_txt": "out/坂東市_Bandō-shi_Ordinance_HTML.txt", "status": "skipped", "method": "already_exists"}
{"url": "https://www.city.bando.lg.jp/data/reiki/reiki_honbun/r155RG00001439.html", "municipality": "坂東市 (Bandō-shi)", "prefecture": "茨城県 (Ibaraki)", "doc_type": "Regulation_HTML", "output_txt": "out/坂東市_Bandō-shi_Regulation_HTML.txt", "status": "skipped", "method": "already_exists"}
{"url": "https://www.city.bando.lg.jp/data/doc/1668387171_doc_21_0.pdf", "municipality": "坂東市 (Bandō-shi)", "prefecture": "茨城県 (Ibaraki)", "doc_type": "Regulation_PDF", "status": "skipped", "method": "html_exists", "output_pdf": null}
{"url": "https://www.town.naraha.lg.jp/Files/2022/%E6%9D%A1%E6%96%87_%E6%A5%A2%E8%91%89%E7%94%BA%E5%A4%AA%E9%99%BD%E5%85%89%E7%99%BA%E9%9B%BB%E8%A8%AD%E5%82%99%E3%81%AE%E9%81%A9%E6%AD%A3%E3%81%AA%E8%A8%AD%E7%BD%AE%E7%AD%89%E3%81%AB%E9%96%A2%E3%81%99%E3%82%8B%E6%9D%A1%E4%BE%8B.pdf", "municipality": "楢葉町 (Naraha-machi)", "prefecture": "福島県 (Fukushima)", "doc_type": "Ordinance_PDF", "output_pdf": "out_pdf/楢葉町_Naraha-machi_Ordinance_PDF.pdf", "status": "skipped", "method": "already_exists"}
{"url": "https://www.town.naraha.lg.jp/Files/2022/%E6%9D%A1%E6%96%87_%E6%A5%A2%E8%91%89%E7%94%BA%E5%A4%AA%E9%99%BD%E5%85%89%E7%99%BA%E9%9B%BB%E8%A8%AD%E5%82%99%E3%81%AE%E9%81%A9%E6%AD%A3%E3%81%AA%E8%A8%AD%E7%BD%AE%E7%AD%89%E3%81%AB%E9%96%A2%E3%81%99%E3%82%8B%E6%9D%A1%E4%BE%8B%E6%96%BD%E8%A1%8C%E8%A6%8F%E5%89%87.pdf", "municipality": "楢葉町 (Naraha-machi)", "prefecture": "福島県 (Fukushima)", "doc_type": "Regulation_PDF", "output_pdf": "out_pdf/楢葉町_Naraha-machi_Regulation_PDF.pdf", "status": "skipped", "method": "already_exists"}
{"url": "https://www.town.ogose.saitama.jp/material/files/group/10/57307516.pdf", "municipality": "越生町", "prefecture": "埼玉県", "doc_type": "Ordinance_PDF", "output_pdf": "out_pdf/越生町_Ordinance_PDF.pdf", "status": "skipped", "method": "already_exists"}
{"url": "https://www.town.ogose.saitama.jp/material/files/group/10/26387607.pdf", "municipality": "越生町", "prefecture": "埼玉県", "doc_type": "Regulation_PDF", "output_pdf": "out_pdf/越生町_Regulation_PDF.pdf", "status": "skipped", "method": "already_exists"}
{"url": "https://www1.g-reiki.net/town.heguri.nara/reiki_honbun/k415RG00000605.html", "municipality": "平群町", "prefecture": "奈良県", "doc_type": "Ordinance_HTML", "output_txt": "out/平群町_Ordinance_HTML.txt", "status": "skipped", "method": "already_exists"}
{"url": "https://www1.g-reiki.net/town.heguri.nara/reiki_honbun/k415RG00000606.html", "municipality": "平群町", "prefecture": "奈良県", "doc_type": "Regulation_HTML", "output_txt": "out/平群町_Regulation_HTML.txt", "status": "skipped", "method": "already_exists"}
{"url": "https://www1.g-reiki.net/town.ogawa/reiki_honbun/e354RG00001039.html", "municipality": "小川町", "prefecture": "埼玉県", "doc_type": "Ordinance_HTML", "output_txt": "out/小川町_Ordinance_HTML.txt", "status": "skipped", "method": "already_exists"}
{"url": "https://www.town.ogawa.saitama.jp/material/files/group/10/7sekoukisoku.pdf", "municipality": "小川町", "prefecture": "埼玉県", "doc_type": "Ordinance_PDF", "output_pdf": "out_pdf/小川町_Ordinance_PDF.pdf", "status": "skipped", "method": "already_exists"}
{"url": "https://www.town.ogawa.saitama.jp/material/files/group/10/7sekoukisoku.pdf", "municipality": "小川町", "prefecture": "埼玉県", "doc_type": "Regulation_PDF", "output_pdf": "out_pdf/小川町_Regulation_PDF.pdf", "status": "skipped", "method": "already_exists"}
{"url": "https://www.town.tokigawa.lg.jp/Link/Pdf/3116", "municipality": "ときがわ町", "prefecture": "埼玉県", "doc_type": "Ordinance_PDF", "output_txt": "out/ときがわ町_Ordinance_PDF.txt", "status": "skipped", "method": "already_exists"}
{"url": "https://www.town.tokigawa.lg.jp/Link/Pdf/3088", "municipality": "ときがわ町", "prefecture": "埼玉県", "doc_type": "Regulation_PDF", "output_txt": "out/ときがわ町_Regulation_PDF.txt", "status": "skipped", "method": "already_exists"}
{"url": "https://www.town.hatoyama.saitama.jp/data/doc/1662000193_doc_5_0.pdf", "municipality": "鳩山町", "prefecture": "埼玉県", "doc_type": "Ordinance_PDF", "output_pdf": "out_pdf/鳩山町_Ordinance_PDF.pdf", "status": "skipped", "method": "already_exists"}
{"url": "https://www.town.hatoyama.saitama.jp/data/doc/1662000197_doc_5_0.pdf", "municipality": "鳩山町", "prefecture": "埼玉県", "doc_type": "Regulation_PDF", "output_pdf": "out_pdf/鳩山町_Regulation_PDF.pdf", "status": "skipped", "method": "already_exists"}
{"url": "https://www.city.ishinomaki.lg.jp/cont/10301000/chouwajorei/jourei.pdf", "municipality": "石巻市", "prefecture": "宮城県", "doc_type": "Ordinance_PDF", "output_pdf": "out_pdf/石巻市_Ordinance_PDF.pdf", "status": "skipped", "method": "already_exists"}
{"url": "https://www.city.ishinomaki.lg.jp/cont/10301000/chouwajorei/kisoku.pdf", "municipality": "石巻市", "prefecture": "宮城県", "doc_type": "Regulation_PDF", "output_pdf": "out_pdf/石巻市_Regulation_PDF.pdf", "status": "skipped", "method": "already_exists"}
{"url": "https://www1.g-reiki.net/kawamata/reiki_honbun/c519RG00001256.html", "municipality": "川俣町", "prefecture": "福島県", "doc_type": "Ordinance_HTML", "output_txt": "out/川俣町_Ordinance_HTML.txt", "status": "skipped", "method": "already_exists"}
{"url": "https://www1.g-reiki.net/kawamata/reiki_honbun/c519RG00001261.html", "municipality": "川俣町", "prefecture": "福島県", "doc_type": "Regulation_HTML", "output_txt": "out/川俣町_Regulation_HTML.txt", "status": "skipped", "method": "already_exists"}
{"url": "https://www.city.suwa.lg.jp/reiki/reiki_honbun/e707RG00001319.html", "municipality": "諏訪市", "prefecture": "長野県", "doc_type": "Ordinance_HTML", "output_txt": "out/諏訪市_Ordinance_HTML.txt", "status": "skipped", "method": "already_exists"}
{"url": "https://www.city.tenri.nara.jp/material/files/group/26/solarhonbun.pdf", "municipality": "天理市", "prefecture": "奈良県", "doc_type": "Ordinance_PDF", "output_pdf": "out_pdf/天理市_Ordinance_PDF.pdf", "status": "skipped", "method": "already_exists"}
{"url": "https://www.city.tenri.nara.jp/material/files/group/26/R5-6-28sekoukisoku.pdf", "municipality": "天理市", "prefecture": "奈良県", "doc_type": "Regulation_PDF", "output_pdf": "out_pdf/天理市_Regulation_PDF.pdf", "status": "skipped", "method": "already_exists"}
{"url": "http://www.vill.aoki.nagano.jp/reiki_int/reiki_honbun/e739RG00000371.html", "municipality": "青木村", "prefecture": "長野県", "doc_type": "Ordinance_HTML", "output_txt": "out/青木村_Ordinance_HTML.txt", "status": "skipped", "method": "already_exists"}
{"url": "http://180.222.77.18/reiki_int/reiki_honbun/e739RG00000373.html", "municipality": "青木村", "prefecture": "長野県", "doc_type": "Regulation_HTML", "output_txt": "out/青木村_Regulation_HTML.txt", "status": "skipped", "method": "already_exists"}
{"url": "https://www.town.namegawa.saitama.jp/material/files/group/7/jourei.pdf", "municipality": "滑川町", "prefecture": "埼玉県", "doc_type": "Ordinance_PDF", "output_pdf": "out_pdf/滑川町_Ordinance_PDF.pdf", "status": "skipped", "method": "already_exists"}
{"url": "https://www.town.namegawa.saitama.jp/material/files/group/7/kisoku.pdf", "municipality": "滑川町", "prefecture": "埼玉県", "doc_type": "Regulation_PDF", "output_pdf": "out_pdf/滑川町_Regulation_PDF.pdf", "status": "skipped", "method": "already_exists"}
{"url": "https://www.city.maibara.lg.jp/reiki/reiki_honbun/r108RG00001656.html", "municipality": "米原市", "prefecture": "滋賀県", "doc_type": "Ordinance_HTML", "output_txt": "out/米原市_Ordinance_HTML.txt", "status": "skipped", "method": "already_exists"}
{"url": "https://www.city.maibara.lg.jp/material/files/group/27/pvkisoku.pdf", "municipality": "米原市", "prefecture": "滋賀県", "doc_type": "Regulation_PDF", "output_pdf": "out_pdf/米原市_Regulation_PDF.pdf", "status": "skipped", "method": "already_exists"}
{"url": "https://public.joureikun.jp/shikama_town/reiki/act/frame/frame110001452.htm", "municipality": "色麻町", "prefecture": "宮城県", "doc_type": "Ordinance_HTML", "output_txt": "out/色麻町_Ordinance_HTML.txt", "status": "skipped", "method": "already_exists"}
{"url": "https://public.joureikun.jp/shikama_town/reiki/act/frame/frame110001434.htm", "municipality": "色麻町", "prefecture": "宮城県", "doc_type": "Regulation_HTML", "output_txt": "out/色麻町_Regulation_HTML.txt", "status": "skipped", "method": "already_exists"}
{"url": "https://www1.g-reiki.net/ina/reiki_honbun/e710RG00001245.html", "municipality": "伊那市", "prefecture": "長野県", "doc_type": "Ordinance_HTML", "output_txt": "out/伊那市_Ordinance_HTML.txt", "status": "skipped", "method": "already_exists"}
{"url": "https://www.city.shiojiri.lg.jp/uploaded/life/51577_129475_misc.pdf", "municipality": "塩尻市", "prefecture": "長野県", "doc_type": "Ordinance_PDF", "output_pdf": "out_pdf/塩尻市_Ordinance_PDF.pdf", "status": "skipped", "method": "already_exists"}
{"url": "https://www.city.shiojiri.lg.jp/uploaded/life/51577_129476_misc.pdf", "municipality": "塩尻市", "prefecture": "長野県", "doc_type": "Regulation_PDF", "output_pdf": "out_pdf/塩尻市_Regulation_PDF.pdf", "status": "skipped", "method": "already_exists"}
{"url": "https://www.city.hitachi.lg.jp/_res/projects/default_project/_page_/001/002/377/jourei.pdf", "municipality": "日立市", "prefecture": "茨城県", "doc_type": "Ordinance_PDF", "output_pdf": "out_pdf/日立市_Ordinance_PDF.pdf", "status": "skipped", "method": "already_exists"}
{"url": "https://www.city.hitachi.lg.jp/_res/projects/default_project/_page_/001/002/377/kisoku.pdf", "municipality": "日立市", "prefecture": "茨城県", "doc_type": "Regulation_PDF", "output_pdf": "out_pdf/日立市_Regulation_PDF.pdf", "status": "skipped", "method": "already_exists"}
{"url": "https://www.city.kosai.shizuoka.jp/section/reiki/reiki_honbun/g322RG00001158.html", "municipality": "湖西市", "prefecture": "静岡県", "doc_type": "Ordinance_HTML", "output_txt": "out/湖西市_Ordinance_HTML.txt", "status": "skipped", "method": "already_exists"}
{"url": "https://www.city.kosai.shizuoka.jp/section/reiki/reiki_honbun/g322RG00001172.html", "municipality": "湖西市", "prefecture": "静岡県", "doc_type": "Regulation_HTML", "output_txt": "out/湖西市_Regulation_HTML.txt", "status": "skipped", "method": "already_exists"}
{"url": "https://www.city.kosai.shizuoka.jp/material/files/group/12/saienekisoku.pdf", "municipality": "湖西市", "prefecture": "静岡県", "doc_type": "Regulation_PDF", "status": "skipped", "method": "html_exists", "output_pdf": null}
{"url": "https://www1.g-reiki.net/minakami/reiki_honbun/r264RG00001149.html", "municipality": "みなかみ町", "prefecture": "群馬県", "doc_type": "Ordinance_HTML", "output_txt": "out/みなかみ町_Ordinance_HTML.txt", "status": "skipped", "method": "already_exists"}
{"url": "https://www.town.minakami.gunma.jp/politics/04machikeikaku/toshikeikaku/files/r4_saiene_sekoukisoku.pdf", "municipality": "みなかみ町", "prefecture": "群馬県", "doc_type": "Regulation_PDF", "output_pdf": "out_pdf/みなかみ町_Regulation_PDF.pdf", "status": "skipped", "method": "already_exists"}
{"url": "https://www.city.tome.miyagi.jp/reiki_int/reiki_honbun/r234RG00002286.html", "municipality": "登米市", "prefecture": "宮城県", "doc_type": "Ordinance_HTML", "output_txt": "out/登米市_Ordinance_HTML.txt", "status": "skipped", "method": "already_exists"}
{"url": "https://www.city.tome.miyagi.jp/reiki_int/reiki_honbun/r234RG00002287.html", "municipality": "登米市", "prefecture": "宮城県", "doc_type": "Regulation_HTML", "output_txt": "out/登米市_Regulation_HTML.txt", "status": "skipped", "method": "already_exists"}
{"url": "https://www.city.tome.miyagi.jp/kankyo/documents/chouwa_jyourei_kisoku.pdf", "municipality": "登米市", "prefecture": "宮城県", "doc_type": "Regulation_PDF", "status": "skipped", "method": "html_exists", "output_pdf": null}
{"url": "https://www.rilg.or.jp/htdocs/img/reiki/PDF/%EF%BC%95/%E4%BF%A1%E6%BF%83%E7%94%BA%E6%9D%A1%E4%BE%8B.pdf", "municipality": "信濃町", "prefecture": "長野県", "doc_type": "Ordinance_PDF", "output_pdf": "out_pdf/信濃町_Ordinance_PDF.pdf", "status": "skipped", "method": "already_exists"}
{"url": "https://www.town.takatori.nara.jp/reiki/reiki_int/reiki_honbun/k428RG00000558.html", "municipality": "高取町", "prefecture": "奈良県", "doc_type": "Ordinance_HTML", "output_txt": "out/高取町_Ordinance_HTML.txt", "status": "skipped", "method": "already_exists"}
{"url": "https://www.town.takatori.nara.jp/reiki/reiki_int/reiki_honbun/k428RG00000562.html", "municipality": "高取町", "prefecture": "奈良県", "doc_type": "Regulation_HTML", "output_txt": "out/高取町_Regulation_HTML.txt", "status": "skipped", "method": "already_exists"}
{"url": "https://www.town.takatori.nara.jp/cmsfiles/contents/0000001/1462/kisoku2.pdf", "municipality": "高取町", "prefecture": "奈良県", "doc_type": "Regulation_PDF", "status": "skipped", "method": "html_exists", "output_pdf": null}
